start_date,end_date
2009-04-22,2009-04-24
2010-05-03,2010-05-07
2003-11-04,2007-02-06
2007-02-06,2017-09-18
1999-05-13,1999-05-13
2009-04-22,2009-04-24
2010-05-03,2010-05-07
2011-11-08,2011-11-09
2003-11-04,2007-02-06
2007-02-06,2017-09-18
1999-05-13,1999-05-13
2009-04-22,2009-04-24
2010-05-03,2010-05-07
2017-09-18,2017-09-26
2003-11-04,2007-02-06
2007-02-06,2017-09-18
1999-05-13,1999-05-13
2009-04-22,2009-04-24
2010-05-03,2010-05-07
2011-11-08,2011-11-09
2017-09-18,2017-09-26
2013-12-21,2013-12-25
1999-05-13,1999-05-13
2009-04-22,2009-04-24
2009-11-25,2009-12-10
2010-05-03,2010-05-07
2017-01-14,2017-01-16
